<?xml version="1.0" encoding="utf-8" ?>
<odoo noupdate="1">
    <record id="product_product_product_template_units" model="product.template">
        <field name="name">BC3 Template Product (Units)</field>
        <field name="uom_id" ref="uom.product_uom_unit" />
        <field name="uom_po_id" ref="uom.product_uom_unit" />
        <field
            name="description_sale"
        >BC3 product that will be used if imported product does not exist.</field>
    </record>
    <record id="product_product_product_template_meter" model="product.template">
        <field name="name">BC3 Template Product (Meter)</field>
        <field name="uom_id" ref="uom.product_uom_meter" />
        <field name="uom_po_id" ref="uom.product_uom_meter" />
        <field
            name="description_sale"
        >BC3 product that will be used if imported product does not exist.</field>
    </record>
    <record id="product_product_product_template_square_meter" model="product.template">
        <field name="name">BC3 Template Product (Square meter)</field>
        <field name="uom_id" ref="bc3_importer.product_uom_square_meter" />
        <field name="uom_po_id" ref="bc3_importer.product_uom_square_meter" />
        <field
            name="description_sale"
        >BC3 product that will be used if imported product does not exist.</field>
    </record>
    <record id="product_product_product_template_cubic_meter" model="product.template">
        <field name="name">BC3 Template Product (Cubic meter)</field>
        <field name="uom_id" ref="uom.product_uom_cubic_meter" />
        <field name="uom_po_id" ref="uom.product_uom_cubic_meter" />
        <field
            name="description_sale"
        >BC3 product that will be used if imported product does not exist.</field>
    </record>
    <record id="product_product_product_template_g" model="product.template">
        <field name="name">BC3 Template Product (g)</field>
        <field name="uom_id" ref="uom.product_uom_gram" />
        <field name="uom_po_id" ref="uom.product_uom_gram" />
        <field
            name="description_sale"
        >BC3 product that will be used if imported product does not exist.</field>
    </record>
    <record id="product_product_product_template_l" model="product.template">
        <field name="name">BC3 Template Product (L)</field>
        <field name="uom_id" ref="uom.product_uom_litre" />
        <field name="uom_po_id" ref="uom.product_uom_litre" />
        <field
            name="description_sale"
        >BC3 product that will be used if imported product does not exist.</field>
    </record>
    <record id="product_product_product_units" model="product.product">
        <field name="name">BC3 Product (Units)</field>
        <field name="uom_id" ref="uom.product_uom_unit" />
        <field name="uom_po_id" ref="uom.product_uom_unit" />
        <field
            name="description_sale"
        >BC3 product that will be used if imported product does not exist.</field>
    </record>
    <record id="product_product_product_meter" model="product.product">
        <field name="name">BC3 Product (Meter)</field>
        <field name="uom_id" ref="uom.product_uom_meter" />
        <field name="uom_po_id" ref="uom.product_uom_meter" />
        <field
            name="description_sale"
        >BC3 product that will be used if imported product does not exist.</field>
    </record>
    <record id="product_product_product_square_meter" model="product.product">
        <field name="name">BC3 Product (Square meter)</field>
        <field name="uom_id" ref="bc3_importer.product_uom_square_meter" />
        <field name="uom_po_id" ref="bc3_importer.product_uom_square_meter" />
        <field
            name="description_sale"
        >BC3 product that will be used if imported product does not exist.</field>
    </record>
    <record id="product_product_product_cubic_meter" model="product.product">
        <field name="name">BC3 Product (Cubic meter)</field>
        <field name="uom_id" ref="uom.product_uom_cubic_meter" />
        <field name="uom_po_id" ref="uom.product_uom_cubic_meter" />
        <field
            name="description_sale"
        >BC3 product that will be used if imported product does not exist.</field>
    </record>
    <record id="product_product_product_g" model="product.product">
        <field name="name">BC3 Product (g)</field>
        <field name="uom_id" ref="uom.product_uom_gram" />
        <field name="uom_po_id" ref="uom.product_uom_gram" />
        <field
            name="description_sale"
        >BC3 product that will be used if imported product does not exist.</field>
    </record>
    <record id="product_product_product_l" model="product.product">
        <field name="name">BC3 Product (L)</field>
        <field name="uom_id" ref="uom.product_uom_litre" />
        <field name="uom_po_id" ref="uom.product_uom_litre" />
        <field
            name="description_sale"
        >BC3 product that will be used if imported product does not exist.</field>
    </record>
</odoo>
